Config Name	Half Angle Parameter	Breakup Length Parameter
test_config_1,72.32723272327233,77.42774277427743
gcsc_1,73.32733273327334,76.5876587658766
